{
    "rmse": 0.8052145026169415,
    "mae": 0.658961545684311,
    "r2": 0.007858329159072808
}